Workbook

Sheet Hoja1
A1: year | B1: PIB | C1: C | D1: I | E1: X | F1: M | G1: G
A2: 1996Q2 | B2: =nominal!H2 -> 177690190000 | C2: =(nominal!C2/nominal!$I2)*100 -> 1.1507644e+11 | D2: =(nominal!D2/nominal!$I2)*100 -> 3.4151851e+10 | E2: =(nominal!E2/nominal!$I2)*100 -> 1.2658226e+10 | F2: =(nominal!F2/nominal!$I2)*100 -> 1.517146e+10 | G2: =(nominal!G2/nominal!$I2)*100 -> 3.0975137e+10
A3: 1996Q3 | B3: =nominal!H3 -> 183826380000 | C3: =(nominal!C3/nominal!$I3)*100 -> 1.183872e+11 | D3: =(nominal!D3/nominal!$I3)*100 -> 3.4371441e+10 | E3: =(nominal!E3/nominal!$I3)*100 -> 1.2912734e+10 | F3: =(nominal!F3/nominal!$I3)*100 -> 1.7367461e+10 | G3: =(nominal!G3/nominal!$I3)*100 -> 3.5522467e+10
A4: 1996Q4 | B4: =nominal!H4 -> 182476100000 | C4: =(nominal!C4/nominal!$I4)*100 -> 1.190148e+11 | D4: =(nominal!D4/nominal!$I4)*100 -> 3.2929663e+10 | E4: =(nominal!E4/nominal!$I4)*100 -> 1.1502164e+10 | F4: =(nominal!F4/nominal!$I4)*100 -> 1.7498387e+10 | G4: =(nominal!G4/nominal!$I4)*100 -> 3.6527855e+10
A5: 1997Q1 | B5: =nominal!H5 -> 184315580000 | C5: =(nominal!C5/nominal!$I5)*100 -> 1.2433228e+11 | D5: =(nominal!D5/nominal!$I5)*100 -> 3.5915617e+10 | E5: =(nominal!E5/nominal!$I5)*100 -> 1.1071536e+10 | F5: =(nominal!F5/nominal!$I5)*100 -> 1.6262422e+10 | G5: =(nominal!G5/nominal!$I5)*100 -> 2.9258564e+10
A6: 1997Q2 | B6: =nominal!H6 -> 185312210000 | C6: =(nominal!C6/nominal!$I6)*100 -> 1.2289456e+11 | D6: =(nominal!D6/nominal!$I6)*100 -> 3.6752912e+10 | E6: =(nominal!E6/nominal!$I6)*100 -> 1.3846894e+10 | F6: =(nominal!F6/nominal!$I6)*100 -> 1.7959108e+10 | G6: =(nominal!G6/nominal!$I6)*100 -> 2.9776948e+10
A7: 1997Q3 | B7: =nominal!H7 -> 187328000000 | C7: =(nominal!C7/nominal!$I7)*100 -> 1.1992346e+11 | D7: =(nominal!D7/nominal!$I7)*100 -> 3.5982822e+10 | E7: =(nominal!E7/nominal!$I7)*100 -> 1.4099556e+10 | F7: =(nominal!F7/nominal!$I7)*100 -> 1.9153755e+10 | G7: =(nominal!G7/nominal!$I7)*100 -> 3.6475915e+10
A8: 1997Q4 | B8: =nominal!H8 -> 189258840000 | C8: =(nominal!C8/nominal!$I8)*100 -> 1.2071975e+11 | D8: =(nominal!D8/nominal!$I8)*100 -> 3.420917e+10 | E8: =(nominal!E8/nominal!$I8)*100 -> 1.2968387e+10 | F8: =(nominal!F8/nominal!$I8)*100 -> 1.8079562e+10 | G8: =(nominal!G8/nominal!$I8)*100 -> 3.94411e+10
A9: 1998Q1 | B9: =nominal!H9 -> 185483860000 | C9: =(nominal!C9/nominal!$I9)*100 -> 1.2363151e+11 | D9: =(nominal!D9/nominal!$I9)*100 -> 3.5880784e+10 | E9: =(nominal!E9/nominal!$I9)*100 -> 1.2669037e+10 | F9: =(nominal!F9/nominal!$I9)*100 -> 1.7087736e+10 | G9: =(nominal!G9/nominal!$I9)*100 -> 3.0390264e+10
A10: 1998Q2 | B10: =nominal!H10 -> 188535100000 | C10: =(nominal!C10/nominal!$I10)*100 -> 1.1913207e+11 | D10: =(nominal!D10/nominal!$I10)*100 -> 3.6204193e+10 | E10: =(nominal!E10/nominal!$I10)*100 -> 1.4072632e+10 | F10: =(nominal!F10/nominal!$I10)*100 -> 1.7134112e+10 | G10: =(nominal!G10/nominal!$I10)*100 -> 3.6260319e+10
A11: 1998Q3 | B11: =nominal!H11 -> 188372010000 | C11: =(nominal!C11/nominal!$I11)*100 -> 1.193167e+11 | D11: =(nominal!D11/nominal!$I11)*100 -> 3.4774394e+10 | E11: =(nominal!E11/nominal!$I11)*100 -> 1.3713825e+10 | F11: =(nominal!F11/nominal!$I11)*100 -> 1.8517241e+10 | G11: =(nominal!G11/nominal!$I11)*100 -> 3.9084329e+10
A12: 1998Q4 | B12: =nominal!H12 -> 186485540000 | C12: =(nominal!C12/nominal!$I12)*100 -> 1.1856429e+11 | D12: =(nominal!D12/nominal!$I12)*100 -> 3.2149322e+10 | E12: =(nominal!E12/nominal!$I12)*100 -> 1.2192316e+10 | F12: =(nominal!F12/nominal!$I12)*100 -> 1.7674171e+10 | G12: =(nominal!G12/nominal!$I12)*100 -> 4.125378e+10
A13: 1999Q1 | B13: =nominal!H13 -> 186749880000 | C13: =(nominal!C13/nominal!$I13)*100 -> 1.2284675e+11 | D13: =(nominal!D13/nominal!$I13)*100 -> 3.2870536e+10 | E13: =(nominal!E13/nominal!$I13)*100 -> 1.6504181e+10 | F13: =(nominal!F13/nominal!$I13)*100 -> 1.9256244e+10 | G13: =(nominal!G13/nominal!$I13)*100 -> 3.3784662e+10
... A118: 2025Q2 | B118: =nominal!H118 -> 342995480000 | C118: =(nominal!C118/nominal!$I118)*100 -> 2.1399086e+11 | D118: =(nominal!D118/nominal!$I118)*100 -> 5.7539978e+10 | E118: =(nominal!E118/nominal!$I118)*100 -> 6.2768029e+10 | F118: =(nominal!F118/nominal!$I118)*100 -> 5.9672832e+10 | G118: =(nominal!G118/nominal!$I118)*100 -> 6.8369442e+10

Sheet nominal
A1: year | B1: PIB_nom | C1: C | D1: I | E1: X | F1: M | G1: G | H1: PIB_real | I1: deflactor
A2: 1996Q2 | B2: 204611000000 | C2: 132511000000 | D2: 39326000000 | E2: 14576000000 | F2: 17470000000 | G2: =B2-(C2+D2+E2-F2) -> 35668000000 | H2: 177690190000 | I2: =B2/H2*100 -> 115.15042
A3: 1996Q3 | B3: 221513000000 | C3: 142658000000 | D3: 41418000000 | E3: 15560000000 | F3: 20928000000 | G3: =B3-(C3+D3+E3-F3) -> 42805000000 | H3: 183826380000 | I3: =B3/H3*100 -> 120.5012
A4: 1996Q4 | B4: 239316000000 | C4: 156087000000 | D4: 43187000000 | E4: 15085000000 | F4: 22949000000 | G4: =B4-(C4+D4+E4-F4) -> 47906000000 | H4: 182476100000 | I4: =B4/H4*100 -> 131.14923
A5: 1997Q1 | B5: 219117000000 | C5: 147808000000 | D5: 42697000000 | E5: 13162000000 | F5: 19333000000 | G5: =B5-(C5+D5+E5-F5) -> 34783000000 | H5: 184315580000 | I5: =B5/H5*100 -> 118.88143
A6: 1997Q2 | B6: 232890000000 | C6: 154447000000 | D6: 46189000000 | E6: 17402000000 | F6: 22570000000 | G6: =B6-(C6+D6+E6-F6) -> 37422000000 | H6: 185312210000 | I6: =B6/H6*100 -> 125.6744
A7: 1997Q3 | B7: 246178000000 | C7: 157598000000 | D7: 47287000000 | E7: 18529000000 | F7: 25171000000 | G7: =B7-(C7+D7+E7-F7) -> 47935000000 | H7: 187328000000 | I7: =B7/H7*100 -> 131.41549
A8: 1997Q4 | B8: 253904000000 | C8: 161954000000 | D8: 45894000000 | E8: 17398000000 | F8: 24255000000 | G8: =B8-(C8+D8+E8-F8) -> 52913000000 | H8: 189258840000 | I8: =B8/H8*100 -> 134.15701
A9: 1998Q1 | B9: 235701000000 | C9: 157103000000 | D9: 45595000000 | E9: 16099000000 | F9: 21714000000 | G9: =B9-(C9+D9+E9-F9) -> 38618000000 | H9: 185483860000 | I9: =B9/H9*100 -> 127.07359
A10: 1998Q2 | B10: 251936000000 | C10: 159194000000 | D10: 48379000000 | E10: 18805000000 | F10: 22896000000 | G10: =B10-(C10+D10+E10-F10) -> 48454000000 | H10: 188535100000 | I10: =B10/H10*100 -> 133.62817
A11: 1998Q3 | B11: 258043000000 | C11: 163447000000 | D11: 47636000000 | E11: 18786000000 | F11: 25366000000 | G11: =B11-(C11+D11+E11-F11) -> 53540000000 | H11: 188372010000 | I11: =B11/H11*100 -> 136.98585
A12: 1998Q4 | B12: 256671000000 | C12: 163187000000 | D12: 44249000000 | E12: 16781000000 | F12: 24326000000 | G12: =B12-(C12+D12+E12-F12) -> 56780000000 | H12: 186485540000 | I12: =B12/H12*100 -> 137.63587
A13: 1999Q1 | B13: 250668000000 | C13: 164893000000 | D13: 44121000000 | E13: 22153000000 | F13: 25847000000 | G13: =B13-(C13+D13+E13-F13) -> 45348000000 | H13: 186749880000 | I13: =B13/H13*100 -> 134.22659
... A118: 2025Q2 | B118: 3176745000000 | C118: 1981934000000 | D118: 532922000000 | E118: 581343000000 | F118: 552676000000 | G118: =B118-(C118+D118+E118-F118) -> 633222000000 | H118: 342995480000 | I118: =B118/H118*100 -> 926.17693
